Product_id,Product_name,Product_Category,Food_type
1,Total static task-force,Dog,Raw
2,Multi-tiered executive hardware,Cat,Raw
3,Visionary bottom-line emulation,Cat,Raw
4,Organic demand-driven hub,Cat,Dry
5,Synergized zero tolerance moderator,Dog,Dry
6,Fundamental dynamic parallelism,Cat,Dry
7,Phased impactful paradigm,Fish,Freeze-dried
8,User-friendly 4thgeneration emulation,Cat,Wet
9,User-friendly hybrid info-mediaries,Cat,Dry
10,Ergonomic web-enabled model,Fish,Freeze-dried
11,Implemented radical archive,Dog,Dry
12,Streamlined optimizing success,Cat,Freeze-dried
13,Implemented eco-centric access,Dog,Wet
14,Up-sized secondary database,Cat,Dry
15,Universal holistic collaboration,Dog,Wet
16,Synergized 3rdgeneration circuit,Fish,Raw
17,Optional upward-trending structure,Dog,Wet
18,Cloned user-facing Internet solution,Dog,Freeze-dried
19,Function-based multimedia system engine,Fish,Wet
20,Up-sized bandwidth-monitored moratorium,Cat,Wet
21,Expanded user-facing flexibility,Dog,Wet
22,Mandatory leadingedge paradigm,Fish,Raw
23,Implemented radical methodology,Cat,Raw
24,Customer-focused full-range implementation,Dog,Raw
25,Down-sized empowering model,Dog,Dry
26,Enhanced global functionalities,Cat,Wet
27,Universal global archive,Fish,Raw
28,User-centric zero tolerance success,Cat,Freeze-dried
29,Enhanced composite application,Fish,Dry
30,Seamless background artificial intelligence,Cat,Freeze-dried
31,Public-key dedicated model,Fish,Dry
32,Sharable 4thgeneration Graphic Interface,Fish,Freeze-dried
33,Distributed coherent challenge,Cat,Wet
34,Compatible stable Local Area Network,Dog,Dry
35,Operative 3rdgeneration algorithm,Cat,Dry
36,Enterprise-wide hybrid array,Dog,Raw
37,Diverse local attitude,Cat,Raw
38,Programmable bifurcated customer loyalty,Dog,Wet
39,Organic eco-centric encryption,Fish,Freeze-dried
40,Open-architected optimal productivity,Fish,Dry
41,Robust regional open system,Fish,Raw
42,Function-based 24hour open system,Fish,Freeze-dried
43,Synchronized mobile conglomeration,Dog,Dry
44,Synchronized national benchmark,Dog,Wet
45,Seamless 24/7 projection,Cat,Dry
46,Multi-layered well-modulated neural-net,Fish,Freeze-dried
47,Open-source local algorithm,Dog,Freeze-dried
48,Multi-layered optimal hardware,Fish,Dry
49,Robust 4thgeneration groupware,Fish,Raw
50,Triple-buffered homogeneous knowledgebase,Dog,Wet
51,Multi-lateral zero-defect challenge,Fish,Freeze-dried
52,Versatile background frame,Dog,Freeze-dried
53,Cloned fault-tolerant middleware,Fish,Freeze-dried
54,Seamless radical algorithm,Fish,Freeze-dried
55,Focused holistic policy,Dog,Raw
56,Intuitive exuding knowledge user,Fish,Freeze-dried
57,Enhanced bi-directional budgetary management,Dog,Wet
58,Multi-tiered foreground product,Cat,Freeze-dried
59,Profound contextually-based moderator,Cat,Freeze-dried
60,Seamless empowering collaboration,Dog,Wet
61,Implemented object-oriented moratorium,Cat,Raw
62,Diverse fault-tolerant synergy,Cat,Freeze-dried
63,Polarized value-added solution,Cat,Freeze-dried
64,Business-focused attitude-oriented array,Fish,Dry
65,Visionary optimal access,Dog,Dry
66,Expanded 5thgeneration approach,Cat,Raw
67,Stand-alone bandwidth-monitored capability,Dog,Wet
68,Total multimedia info-mediaries,Cat,Wet
69,Face-to-face didactic system engine,Dog,Raw
70,Triple-buffered interactive functionalities,Cat,Wet
71,Function-based optimal toolset,Dog,Freeze-dried
72,Cloned local collaboration,Fish,Dry
73,Progressive modular product,Fish,Dry
74,Proactive empowering time-frame,Fish,Wet
75,Inverse regional productivity,Fish,Wet
76,Ameliorated bifurcated approach,Dog,Wet
77,Configurable client-server project,Dog,Dry
78,Devolved zero administration approach,Fish,Dry
79,Triple-buffered responsive paradigm,Dog,Freeze-dried
80,Fundamental well-modulated portal,Dog,Dry
81,Customizable needs-based extranet,Fish,Raw
82,Networked methodical parallelism,Fish,Wet
83,Optimized impactful synergy,Dog,Raw
84,Proactive background policy,Fish,Wet
85,Seamless disintermediate function,Dog,Raw
86,Ameliorated impactful toolset,Fish,Dry
87,Universal intangible open architecture,Cat,Raw
88,Synergistic 6thgeneration task-force,Fish,Raw
89,Object-based content-based standardization,Fish,Raw
90,Down-sized static customer loyalty,Cat,Dry
91,Pre-emptive secondary process improvement,Dog,Raw
92,Mandatory static ability,Cat,Wet
93,Right-sized discrete open architecture,Fish,Raw
94,Exclusive bifurcated forecast,Cat,Dry
95,Function-based human-resource synergy,Fish,Dry
96,Adaptive solution-oriented system engine,Cat,Dry
97,Devolved tertiary ability,Fish,Dry
98,De-engineered zero-defect protocol,Dog,Freeze-dried
99,Persevering leadingedge Graphic Interface,Cat,Dry
100,Stand-alone optimizing toolset,Fish,Wet
101,Implemented next generation database,Dog,Wet
102,Re-contextualized content-based capability,Cat,Freeze-dried
103,Monitored 6thgeneration process improvement,Fish,Freeze-dried
104,Persistent system-worthy forecast,Fish,Dry
105,Switchable 4thgeneration structure,Fish,Dry
106,Secured impactful adapter,Fish,Dry
107,Managed dedicated support,Cat,Dry
108,Reverse-engineered radical matrices,Cat,Freeze-dried
109,Streamlined demand-driven firmware,Cat,Raw
110,Re-contextualized attitude-oriented definition,Cat,Raw
111,Universal next generation analyzer,Dog,Raw
112,Organized attitude-oriented secured line,Cat,Freeze-dried
113,Monitored demand-driven encoding,Fish,Raw
114,Optimized bifurcated hardware,Fish,Wet
115,De-engineered intermediate approach,Dog,Raw
116,Business-focused local neural-net,Dog,Wet
117,Reduced 4thgeneration definition,Dog,Raw
118,Centralized holistic project,Fish,Wet
119,Multi-channeled tangible conglomeration,Dog,Freeze-dried
120,Progressive regional architecture,Cat,Freeze-dried
121,Stand-alone scalable knowledgebase,Fish,Dry
122,Object-based explicit access,Dog,Freeze-dried
123,Polarized transitional Local Area Network,Dog,Raw
124,User-friendly encompassing task-force,Dog,Raw
125,Multi-channeled multimedia customer loyalty,Dog,Dry
126,Persevering eco-centric interface,Dog,Dry
127,Open-source object-oriented open system,Cat,Raw
128,Re-engineered zero-defect extranet,Fish,Wet
129,User-friendly well-modulated moderator,Cat,Raw
130,Multi-layered asynchronous framework,Fish,Raw
131,Intuitive 24/7 task-force,Dog,Wet
132,Quality-focused clear-thinking success,Dog,Wet
133,Extended local system engine,Fish,Raw
134,Business-focused multi-state interface,Dog,Wet
135,Re-engineered client-driven contingency,Fish,Wet
136,User-friendly even-keeled info-mediaries,Cat,Dry
137,Decentralized well-modulated migration,Dog,Wet
138,Cloned leadingedge instruction set,Cat,Dry
139,Adaptive bi-directional solution,Fish,Raw
140,Down-sized scalable support,Cat,Dry
141,Public-key executive capability,Fish,Wet
142,Enterprise-wide real-time migration,Dog,Freeze-dried
143,Organic 6thgeneration service-desk,Dog,Freeze-dried
144,Secured real-time projection,Dog,Dry
145,Vision-oriented motivating hub,Dog,Freeze-dried
146,Secured optimizing groupware,Dog,Freeze-dried
147,Face-to-face executive focus group,Dog,Freeze-dried
148,Persevering logistical ability,Fish,Wet
149,Cross-group encompassing encoding,Dog,Dry
150,Polarized systematic portal,Dog,Wet
151,Front-line executive policy,Cat,Wet
152,Upgradable transitional monitoring,Dog,Raw
153,User-friendly bandwidth-monitored approach,Dog,Dry
154,Synergized fresh-thinking solution,Fish,Dry
155,Enterprise-wide intermediate leverage,Fish,Dry
156,Total global emulation,Fish,Wet
157,Decentralized responsive customer loyalty,Dog,Freeze-dried
158,Re-engineered discrete task-force,Cat,Dry
159,Intuitive mission-critical forecast,Cat,Dry
160,Configurable eco-centric process improvement,Cat,Wet
161,Synergized executive synergy,Fish,Freeze-dried
162,Pre-emptive systemic neural-net,Dog,Dry
163,Organic needs-based instruction set,Cat,Raw
164,Mandatory bottom-line artificial intelligence,Dog,Dry
165,Proactive demand-driven complexity,Cat,Dry
166,Pre-emptive scalable throughput,Dog,Freeze-dried
167,Multi-lateral bottom-line access,Dog,Raw
168,Cloned demand-driven methodology,Dog,Dry
169,Progressive clear-thinking throughput,Fish,Wet
170,Mandatory methodical installation,Fish,Freeze-dried
171,Intuitive didactic framework,Cat,Wet
172,Organized maximized hierarchy,Fish,Dry
173,Universal well-modulated superstructure,Dog,Raw
174,Self-enabling modular projection,Cat,Dry
175,Adaptive executive Internet solution,Fish,Dry
176,Visionary web-enabled knowledgebase,Dog,Dry
177,Optional explicit parallelism,Dog,Freeze-dried
178,Integrated next generation application,Cat,Freeze-dried
179,Robust encompassing time-frame,Dog,Raw
180,Progressive radical projection,Dog,Freeze-dried
181,Ameliorated cohesive conglomeration,Fish,Raw
182,Intuitive intangible project,Dog,Dry
183,Automated grid-enabled capacity,Dog,Wet
184,Virtual optimizing knowledgebase,Cat,Wet
185,Self-enabling disintermediate software,Fish,Wet
186,Balanced national archive,Dog,Freeze-dried
187,Optimized national collaboration,Fish,Dry
188,Integrated clear-thinking projection,Dog,Wet
189,Innovative cohesive success,Dog,Wet
190,Ergonomic actuating benchmark,Fish,Freeze-dried
191,Business-focused content-based process improvement,Cat,Raw
192,Reactive maximized definition,Dog,Raw
193,Re-contextualized executive moderator,Dog,Dry
194,Inverse secondary forecast,Cat,Wet
195,Fully-configurable even-keeled info-mediaries,Fish,Dry
196,Down-sized client-driven system engine,Fish,Raw
197,Streamlined eco-centric forecast,Fish,Freeze-dried
198,Universal impactful approach,Dog,Freeze-dried
199,Automated real-time hub,Dog,Wet
200,Customizable web-enabled time-frame,Cat,Dry
201,Public-key dynamic moderator,Fish,Dry
202,Extended didactic open system,Fish,Dry
203,Multi-lateral multi-state paradigm,Cat,Freeze-dried
204,Operative didactic open system,Fish,Dry
205,Digitized foreground toolset,Fish,Raw
206,Implemented heuristic interface,Dog,Dry
207,Decentralized stable infrastructure,Cat,Freeze-dried
208,Customer-focused full-range encoding,Fish,Raw
209,Persevering analyzing infrastructure,Dog,Freeze-dried
210,Configurable multi-tasking project,Fish,Dry
211,Proactive 4thgeneration toolset,Cat,Freeze-dried
212,Innovative impactful solution,Fish,Freeze-dried
213,Customizable human-resource secured line,Dog,Dry
214,Profound even-keeled structure,Fish,Dry
215,Ameliorated fault-tolerant interface,Fish,Raw
216,Customer-focused directional moratorium,Fish,Wet
217,Triple-buffered next generation instruction set,Dog,Freeze-dried
218,Multi-lateral object-oriented middleware,Fish,Raw
219,Persistent 24hour core,Fish,Wet
220,Reverse-engineered full-range customer loyalty,Fish,Dry
221,Reverse-engineered incremental groupware,Fish,Freeze-dried
222,Intuitive non-volatile solution,Fish,Wet
223,Upgradable scalable strategy,Fish,Raw
224,Function-based zero tolerance budgetary management,Cat,Wet
225,Organized explicit groupware,Dog,Freeze-dried
226,Configurable human-resource instruction set,Dog,Freeze-dried
227,Inverse grid-enabled encryption,Dog,Freeze-dried
228,Open-architected directional portal,Dog,Wet
229,Persevering high-level matrix,Fish,Raw
230,Virtual empowering support,Cat,Raw
231,Diverse client-driven database,Cat,Wet
232,Managed analyzing data-warehouse,Fish,Dry
233,Horizontal methodical Local Area Network,Cat,Freeze-dried
234,Balanced 4thgeneration capability,Fish,Dry
235,Digitized context-sensitive architecture,Cat,Freeze-dried
236,Progressive bi-directional capacity,Fish,Dry
237,Ameliorated mission-critical data-warehouse,Fish,Freeze-dried
238,Diverse value-added installation,Dog,Wet
239,Streamlined transitional flexibility,Fish,Wet
240,Assimilated systematic protocol,Cat,Wet
241,Open-source user-facing alliance,Cat,Freeze-dried
242,Fully-configurable homogeneous functionalities,Fish,Freeze-dried
243,Down-sized reciprocal implementation,Dog,Dry
244,Progressive maximized core,Dog,Raw
245,Optimized zero administration open system,Fish,Wet
246,Profit-focused regional open architecture,Dog,Dry
247,Re-contextualized global task-force,Dog,Dry
248,Multi-tiered mobile structure,Cat,Wet
249,Ameliorated user-facing data-warehouse,Fish,Dry
250,Function-based methodical policy,Cat,Raw
251,Stand-alone radical open system,Dog,Raw
252,Ergonomic empowering data-warehouse,Dog,Raw
253,Up-sized asynchronous database,Dog,Wet
254,Mandatory heuristic structure,Fish,Wet
255,Optional grid-enabled service-desk,Fish,Dry
256,Triple-buffered transitional solution,Dog,Raw
257,Front-line context-sensitive budgetary management,Cat,Raw
258,Re-engineered directional moratorium,Cat,Freeze-dried
259,Virtual even-keeled encryption,Fish,Wet
260,Intuitive cohesive matrix,Cat,Raw
261,Proactive systematic structure,Dog,Wet
262,Streamlined directional architecture,Fish,Dry
263,Monitored regional moratorium,Cat,Dry
264,Function-based cohesive emulation,Dog,Freeze-dried
265,Exclusive dynamic parallelism,Cat,Dry
266,Object-based didactic focus group,Cat,Freeze-dried
267,Implemented regional hub,Cat,Freeze-dried
268,Virtual intermediate portal,Dog,Wet
269,Persevering intermediate knowledge user,Cat,Raw
270,Diverse even-keeled moderator,Dog,Dry
271,Secured clear-thinking success,Fish,Freeze-dried
272,Robust non-volatile hardware,Cat,Raw
273,User-centric mobile attitude,Cat,Freeze-dried
274,Cloned tangible firmware,Cat,Dry
275,Seamless leadingedge encryption,Dog,Wet
276,Robust full-range application,Cat,Wet
277,Centralized actuating infrastructure,Fish,Raw
278,Adaptive intangible algorithm,Dog,Raw
279,Expanded optimizing success,Cat,Dry
280,Future-proofed system-worthy customer loyalty,Cat,Freeze-dried
281,Triple-buffered national migration,Dog,Raw
282,Decentralized 4thgeneration support,Fish,Wet
283,Universal methodical moratorium,Fish,Dry
284,Automated coherent function,Dog,Raw
285,Multi-channeled fresh-thinking hardware,Fish,Raw
286,Phased tertiary neural-net,Fish,Raw
287,Diverse maximized Graphical User Interface,Cat,Raw
288,Focused dedicated utilization,Cat,Dry
289,Digitized incremental system engine,Fish,Wet
290,Monitored attitude-oriented adapter,Cat,Dry
291,Synergized responsive pricing structure,Fish,Dry
292,Phased eco-centric definition,Fish,Wet
293,Decentralized bifurcated paradigm,Cat,Dry
294,Stand-alone executive budgetary management,Fish,Wet
295,Proactive grid-enabled extranet,Fish,Raw
296,Cross-group client-driven monitoring,Dog,Raw
297,Fully-configurable content-based challenge,Cat,Raw
298,Robust 24hour framework,Dog,Wet
299,Networked web-enabled database,Cat,Dry
300,Organized bi-directional access,Fish,Raw
301,Balanced discrete utilization,Dog,Raw
302,Up-sized composite instruction set,Cat,Raw
303,Diverse client-server task-force,Dog,Freeze-dried
304,Cloned fault-tolerant migration,Cat,Wet
305,Synergistic didactic matrices,Cat,Wet
306,Switchable leadingedge neural-net,Fish,Wet
307,Open-architected modular solution,Cat,Freeze-dried
308,Quality-focused web-enabled collaboration,Fish,Wet
309,Face-to-face dedicated analyzer,Fish,Freeze-dried
310,Integrated encompassing migration,Cat,Wet
311,Optimized analyzing matrix,Fish,Raw
312,Focused intermediate moratorium,Cat,Wet
313,Optional system-worthy support,Fish,Dry
314,Function-based asynchronous matrix,Fish,Raw
315,Multi-lateral regional budgetary management,Dog,Dry
316,Horizontal multi-tasking concept,Cat,Raw
317,Open-source dynamic core,Dog,Raw
318,Customer-focused object-oriented emulation,Dog,Wet
319,Focused directional moderator,Fish,Dry
320,Profit-focused background capacity,Cat,Dry
321,User-friendly multimedia archive,Dog,Freeze-dried
322,Adaptive secondary service-desk,Fish,Freeze-dried
323,Automated client-server hardware,Cat,Raw
324,Advanced tertiary policy,Cat,Raw
325,Switchable multimedia ability,Dog,Raw
326,Face-to-face optimal archive,Cat,Raw
327,Right-sized full-range flexibility,Fish,Raw
328,Multi-lateral upward-trending frame,Fish,Raw
329,Optimized zero tolerance project,Fish,Freeze-dried
330,Switchable maximized methodology,Fish,Raw
331,Pre-emptive even-keeled Graphical User Interface,Cat,Freeze-dried
332,Optimized optimizing contingency,Fish,Raw
333,Synergistic well-modulated superstructure,Dog,Raw
334,Synchronized object-oriented definition,Cat,Dry
335,Grass-roots reciprocal project,Dog,Raw
336,Cloned optimal access,Fish,Raw
337,Cross-group uniform framework,Cat,Raw
338,Expanded heuristic adapter,Fish,Raw
339,Cross-group multi-state functionalities,Fish,Raw
340,Business-focused contextually-based interface,Dog,Dry
341,Business-focused mission-critical benchmark,Fish,Wet
342,Pre-emptive eco-centric success,Fish,Dry
343,Synergized local policy,Dog,Freeze-dried
344,Organic bifurcated orchestration,Dog,Raw
345,User-centric optimizing solution,Cat,Dry
346,Pre-emptive directional structure,Cat,Wet
347,Down-sized clear-thinking leverage,Cat,Dry
348,Innovative fresh-thinking firmware,Cat,Dry
349,Face-to-face bandwidth-monitored implementation,Fish,Freeze-dried
350,Synergized multi-tasking open system,Dog,Dry
351,Automated bi-directional hardware,Dog,Wet
352,Synchronized fault-tolerant collaboration,Dog,Dry
353,Multi-tiered reciprocal hierarchy,Dog,Raw
354,Ergonomic next generation synergy,Fish,Dry
355,Extended even-keeled definition,Dog,Raw
356,Multi-channeled value-added neural-net,Cat,Wet
357,Open-source global array,Cat,Freeze-dried
358,Open-source maximized artificial intelligence,Dog,Freeze-dried
359,Upgradable 24/7 model,Cat,Dry
360,Customizable next generation synergy,Dog,Freeze-dried
361,Compatible executive knowledge user,Cat,Dry
362,Progressive 24hour ability,Dog,Dry
363,Compatible background superstructure,Cat,Wet
364,Phased secondary frame,Fish,Wet
365,Ergonomic discrete customer loyalty,Dog,Raw
366,Down-sized methodical hierarchy,Fish,Raw
367,Seamless discrete instruction set,Fish,Dry
368,Implemented value-added groupware,Fish,Wet
369,Seamless heuristic approach,Cat,Freeze-dried
370,De-engineered mission-critical hardware,Fish,Raw
371,Customizable client-driven matrix,Fish,Raw
372,Ergonomic radical access,Cat,Wet
373,User-centric bottom-line monitoring,Dog,Dry
374,Fully-configurable optimal productivity,Cat,Wet
375,Adaptive user-facing access,Cat,Wet
376,Visionary 5thgeneration productivity,Dog,Raw
377,Upgradable systematic synergy,Fish,Freeze-dried
378,User-centric 5thgeneration portal,Cat,Freeze-dried
379,Digitized multi-state synergy,Dog,Dry
380,Networked fault-tolerant matrices,Dog,Dry
381,Progressive motivating capability,Fish,Raw
382,Upgradable reciprocal architecture,Dog,Raw
383,Quality-focused upward-trending matrices,Dog,Raw
384,Polarized disintermediate collaboration,Fish,Dry
385,Multi-lateral grid-enabled groupware,Dog,Dry
386,Triple-buffered methodical focus group,Fish,Dry
387,Persevering mobile open architecture,Cat,Wet
388,Realigned homogeneous customer loyalty,Cat,Freeze-dried
389,Realigned radical capability,Fish,Raw
390,Monitored exuding help-desk,Fish,Wet
391,Re-contextualized high-level forecast,Fish,Freeze-dried
392,Multi-lateral multi-state infrastructure,Dog,Dry
393,Public-key multi-state focus group,Fish,Raw
394,Total zero tolerance superstructure,Cat,Raw
395,Re-engineered well-modulated database,Cat,Freeze-dried
396,Virtual local implementation,Dog,Dry
397,Customer-focused full-range installation,Fish,Raw
398,Enhanced human-resource policy,Fish,Freeze-dried
399,Organic even-keeled Graphical User Interface,Dog,Wet
400,Horizontal bifurcated implementation,Dog,Dry
401,Synergized upward-trending Local Area Network,Cat,Freeze-dried
402,Reduced asymmetric hub,Cat,Raw
403,Customer-focused upward-trending leverage,Fish,Wet
404,Total heuristic utilization,Fish,Dry
405,Enhanced radical implementation,Cat,Freeze-dried
406,Monitored foreground open architecture,Dog,Freeze-dried
407,Fundamental solution-oriented complexity,Cat,Freeze-dried
408,Front-line hybrid matrix,Dog,Raw
409,Right-sized incremental matrix,Dog,Dry
410,Reduced object-oriented application,Cat,Freeze-dried
411,Sharable foreground throughput,Cat,Raw
412,Cross-group attitude-oriented project,Dog,Raw
413,Optional reciprocal Internet solution,Fish,Dry
414,Progressive full-range conglomeration,Cat,Freeze-dried
415,Business-focused modular frame,Cat,Freeze-dried
416,Grass-roots non-volatile help-desk,Fish,Raw
417,Monitored tangible task-force,Cat,Raw
418,Mandatory demand-driven website,Dog,Raw
419,Face-to-face system-worthy knowledgebase,Dog,Freeze-dried
420,Polarized web-enabled circuit,Cat,Wet
421,Enterprise-wide interactive matrix,Cat,Raw
422,Stand-alone composite analyzer,Cat,Wet
423,Enhanced radical instruction set,Dog,Wet
424,Automated responsive instruction set,Dog,Wet
425,Intuitive systematic migration,Dog,Raw
426,Implemented attitude-oriented monitoring,Fish,Wet
427,Multi-lateral homogeneous model,Dog,Freeze-dried
428,User-centric object-oriented adapter,Dog,Raw
429,Re-engineered stable open architecture,Cat,Freeze-dried
430,Pre-emptive bottom-line function,Fish,Wet
431,Devolved user-facing hardware,Fish,Wet
432,Open-source content-based solution,Dog,Wet
433,Mandatory homogeneous framework,Dog,Dry
434,Pre-emptive zero administration initiative,Cat,Raw
435,User-friendly encompassing middleware,Fish,Dry
436,Re-engineered eco-centric structure,Dog,Raw
437,Cloned reciprocal functionalities,Fish,Wet
438,Synergistic transitional intranet,Dog,Wet
439,Synchronized even-keeled success,Dog,Raw
440,Future-proofed empowering moderator,Dog,Wet
441,Distributed regional utilization,Fish,Wet
442,Managed explicit website,Fish,Freeze-dried
443,Profound multi-state database,Fish,Freeze-dried
444,Managed foreground attitude,Dog,Raw
445,Re-contextualized client-server concept,Dog,Freeze-dried
446,Reactive 5thgeneration contingency,Fish,Dry
447,Customizable leadingedge superstructure,Cat,Freeze-dried
448,Reactive executive challenge,Dog,Raw
449,Robust well-modulated moderator,Dog,Freeze-dried
450,Organized dynamic structure,Cat,Wet
451,Implemented client-driven secured line,Dog,Raw
452,Fundamental system-worthy ability,Cat,Raw
453,User-friendly national analyzer,Cat,Wet
454,Assimilated intangible groupware,Cat,Raw
455,Devolved maximized service-desk,Dog,Freeze-dried
456,Implemented well-modulated application,Dog,Raw
457,Focused stable analyzer,Cat,Wet
458,Fundamental coherent matrix,Dog,Wet
459,Open-source neutral process improvement,Fish,Dry
460,Face-to-face systematic synergy,Cat,Raw
461,Exclusive zero-defect application,Dog,Freeze-dried
462,Persevering systemic frame,Cat,Freeze-dried
463,Cross-platform content-based support,Fish,Dry
464,Fully-configurable stable process improvement,Dog,Dry
465,Stand-alone demand-driven service-desk,Cat,Freeze-dried
466,Assimilated leadingedge website,Fish,Dry
467,Grass-roots bandwidth-monitored alliance,Fish,Raw
468,Advanced multi-tasking help-desk,Fish,Freeze-dried
469,Visionary optimal throughput,Cat,Raw
470,Inverse cohesive knowledge user,Dog,Dry
471,Multi-layered systematic support,Dog,Dry
472,User-centric systematic productivity,Dog,Freeze-dried
473,Fully-configurable global secured line,Cat,Raw
474,Progressive dedicated strategy,Cat,Freeze-dried
475,Progressive responsive circuit,Cat,Raw
476,Front-line reciprocal projection,Dog,Dry
477,Multi-layered national ability,Cat,Raw
478,Progressive demand-driven methodology,Dog,Dry
479,Optional modular collaboration,Fish,Raw
480,Stand-alone methodical projection,Fish,Freeze-dried
481,Profit-focused upward-trending solution,Fish,Dry
482,Stand-alone upward-trending open architecture,Fish,Wet
483,Total user-facing synergy,Fish,Raw
484,Assimilated zero-defect Graphical User Interface,Dog,Raw
485,Open-architected 4thgeneration array,Fish,Freeze-dried
486,Distributed tangible paradigm,Fish,Raw
487,Cloned full-range help-desk,Fish,Raw
488,Function-based maximized attitude,Fish,Raw
489,Cross-platform multi-state database,Dog,Dry
490,Cross-group modular complexity,Fish,Freeze-dried
491,Up-sized explicit middleware,Cat,Dry
492,Face-to-face coherent knowledgebase,Cat,Wet
493,Streamlined static Graphical User Interface,Fish,Dry
494,Optional methodical hub,Dog,Wet
495,Adaptive national framework,Cat,Freeze-dried
496,Reduced regional intranet,Dog,Raw
497,Diverse context-sensitive alliance,Fish,Raw
498,Automated real-time moratorium,Cat,Raw
499,Organic directional architecture,Cat,Dry
500,Ergonomic background portal,Cat,Dry
